"UNDEFINED","UNDEFINED"
"BOOK VALUE (Rs)","BV"
"FACE VALUE (Rs)","FV"
"EPS (TTM)","EPS"
"DIV YIELD.(%)","DY (%)"
"P/E","P/E"
"INDUSTRY P/E","Ind. PE"
"MARKET CAP (Rs Cr)","Mk.Cap"
"DIV (%)","DIV (%)"
"P/C","P/C"
"PRICE/BOOK","PB"
"52 Wk Low","52 Wk Low"
"52 Wk High","52 Wk High"
"Equity Share Capital","Capital"
"Total CA, Loans & Advances","Total CA, Loans & Advances"
"Total Current Assets","Total Current Assets"
"Networth","Networth"
"Investments","Investment"
"Total Assets","Total Assets"
"Net Block","Net Block"
"Gross Block","Gross Block"
"Preference Share Capital","Preference Share Capital"
"Unsecured Loans","Unsecured Loans"
"Book Value (Rs)","BV"
"Share Application Money","Share Application Money"
"Fixed Deposits","FD"
"Secured Loans","Secured Loans"
"Net Current Assets","Net Current Assets"
"Inventories","Inventories"
"Contingent Liabilities","C Liab"
"Provisions","Provisions"
"Cash and Bank Balance","Cash"
"Total CL & Provisions","Total CL & Provisions"
"Miscellaneous Expenses","Miscellaneous Expenses"
"Revaluation Reserves","Revaluation Reserves"
"Sundry Debtors","Sundry Debtors"
"Current Liabilities","Current Liabilities"
"Deffered Credit","Deffered Credit"
"Reserves","Reserves"
"Loans and Advances","Loans and Advances"
"Total Debt","Debt"
"Capital Work in Progress","Cap. WIP"
"Capital Work In Progress","Cap. WIP"
"Total Liabilities","Total Liabilities"
"Less: Accum. Depreciation","Less: Accum. Depreciation"
"Corporate Dividend Tax","Corporate Dividend Tax"
"Tax","Tax"
"Equity Dividend","Div"
"Other Manufacturing Expenses","Other Manufacturing Expenses"
"PBT (Post Extra-ord Items)","PBT (Post Extra-ord Items)"
"PBDIT","PBDIT"
"Total Income","Total Income"
"Raw Materials","Raw Materials"
"Stock Adjustments","Stock Adjustments"
"Total Expenses","Total Expenses"
"Sales Turnover","Sales"
"Total Value Addition","Total Value Addition"
"Shares in issue (lakhs)","Shares in issue (lakhs)"
"PBDT","PBDT"
"Other Written Off","Other Written Off"
"Excise Duty","Excise Duty"
"Power & Fuel Cost","Power & Fuel Cost"
"Extra-ordinary items","Extra-ordinary items"
"Employee Cost","Employee Cost"
"Operating Profit","Op Profit"
"Depreciation","Depreciation"
"Other Income","Other Income"
"Reported Net Profit","Net Profit"
"Interest","Int"
"Preference Dividend","Preference Dividend"
"Profit Before Tax","Profit Before Tax"
"Earning Per Share (Rs)","Earning Per Share (Rs)"
"Equity Dividend (%)","Div (%)"
"Selling and Admin Expenses","Selling and Admin Expenses"
"Net Sales","Net Sales"
"Preoperative Exp Capitalised","Preoperative Exp Capitalised"
"Net Cash From Operating Activities","Op. CF"
"Net Profit Before Tax","Net Profit Before Tax"
"Net Cash (used in)/from Financing Activities","Fin. CF"
"Net Cash (used in)/fromInvesting Activities","Inv. CF"
"Inventory Turnover Ratio","Inventory Turnover Ratio"
"Return On Capital Employed(%)","Ret On Cap(%)"
"AdjustedCash Flow Times","Adj. CF Times"
"Total Debt to Owners Fund","Total Debt to Owners Fund"
"Material Cost Composition","Material Cost Composition"
"Total Assets Turnover Ratio","Total Assets Turnover Ratio"
"Operating Profit Margin(%)","OPM(%)"
"Operating Profit Per Share (Rs)","OPM Per Share"
"Long Term Debt Equity Ratio","Long Term Debt Equity Ratio"
"Cash Profit Margin(%)","Cash Profit Margin(%)"
"Return On Net Worth(%)","Ret On NW(%)"
"Return on Net Worth(%)","Ret On NW(%)"
"Imported Composition of Raw Materials Consumed","Imported Composition of Raw Materials Consumed"
"Interest Cover","Interest Cover"
"Dividend Per Share","Dividend Per Share"
"Selling Distribution Cost Composition","Selling Distribution Cost Composition"
"Net Profit Margin(%)","NPM"
"Adjusted Cash Margin(%)","Adj. Cash Margin(%)"
"Quick Ratio","Quick Ratio"
"Gross Profit Margin(%)","GPM(%)"
"Net Operating Profit Per Share (Rs)","Net Operating Profit Per Share (Rs)"
"Financial Charges Coverage Ratio","Financial Charges Coverage Ratio"
"Investments Turnover Ratio","Investments Turnover Ratio"
"Bonus in Equity Capital","Eq.Bonus"
"Financial Charges Coverage Ratio Post Tax","Financial Charges Coverage Ratio Post Tax"
"Adjusted Net Profit Margin(%)","Adj. NPM(%)"
"Dividend Payout Ratio Net Profit","Dividend Payout Ratio Net Profit"
"Current Ratio","Current Ratio"
"Cash Earning Retention Ratio","Cash Earning Retention Ratio"
"Book Value","BV"
"Adjusted Return on Net Worth(%)","Adj. Ret on NW(%)"
"Return on Assets Excluding Revaluations","Return on Assets Excluding Revaluations"
"Face Value","FV"
"Asset Turnover Ratio","Asset Turnover"
"Number of Days In Working Capital","Number of Days In Working Capital"
"Average Finished Goods Held","Average Finished Goods Held"
"Fixed Assets Turnover Ratio","Fixed Assets Turnover Ratio"
"Return on Assets Including Revaluations","Return on Assets Including Revaluations"
"Return on Long Term Funds(%)","Ret. on LT Funds(%)"
"Dividend Payout Ratio Cash Profit","Dividend Payout Ratio Cash Profit"
"Expenses as Composition of Total Sales","Expenses as Composition of Total Sales"
"Earning Retention Ratio","Retention (%)"
"Average Raw Material Holding","Average Raw Material Holding"
"Earnings Per Share","EPS"
"Debtors Turnover Ratio","Debtors Turnover Ratio"
"Profit Before Interest And Tax Margin(%)","Profit Before Interest And Tax Margin(%)"
"Free Reserves Per Share (Rs)","Free Reserve/Sh (Rs)"
"Debt Equity Ratio","Debt Equity Ratio"
"Depreciation for Previous Years Written Back/ Provided","Depreciation for Previous Years Written Back/ Provided"
"VRS Adjustment","VRS Adjustment"
"Net Profit","Net Profit"
"Equity","Equity"
"Other Extraordinary Income/Expenses","Other Extraordinary Income/Expenses"
"Net Extra Ordinary Income/Expenses","Net Extra Ordinary Income/Expenses"
"PBT","PBT"
"Profit On Sale Of Assets","Profit On Sale Of Assets"
"Dividend (%)","Dividend (%)"
"Gross Profit","Gross Profit"
"Tax On Extraordinary Items","Tax On Extraordinary Items"
"Profit On Sale Of Investments","Profit On Sale Of Investments"
"Prior Years Income/Expenses","Prior Years Income/Expenses"
"Gain/Loss On Foreign Exchange","Gain/Loss On Foreign Exchange"
"Dividend Tax","Dividend Tax"
"Dividend","Dividend"
"Depreciation On Revaluation Of Assets","Depreciation On Revaluation Of Assets"
"Total Extraordinary Income/Expenses","Total Extraordinary Income/Expenses"
"Balance with Banks, Money at Call","Balance with Banks, Money at Call"
"Other Liabilities & Provisions","Other Liabilities & Provisions"
"Source :  Dion Global Solutions Limited","Source :  Dion Global Solutions Limited"
"Advances","Adv"
"Explore Karnataka Bank connections","Explore Karnataka Bank connections"
"Other Assets","Other Assets"
"Assets","Assets"
"Accumulated Depreciation","Accu. Depreci"
"Borrowings","Borrowings"
"Deposits","Deposits"
"Cash & Balances with RBI","Cash & Balances with RBI"
"Net Worth","Networth"
"Bills for collection","Bills for collection"
"Capital Adequacy Ratio","Capital Adequacy Ratio"
"Other Income / Total Income","Other Income / Total Income"
"Advances / Loans Funds(%)","Adv / Loans(%)"
"Investment Deposit Ratio","Investment Deposit Ratio"
"Interest Income / Total Funds","Interest Income / Total Funds"
"Operating Expense / Total Funds","Operating Expense / Total Funds"
"Non Interest Income / Total Funds","Non Interest Income / Total Funds"
"Interest Expended / Capital Employed(%)","Interest Expended / Capital Employed(%)"
"Net Profit / Total Funds","Net Profit / Total Funds"
"Total Assets Turnover Ratios","Total Assets Turnover Ratios"
"Interest Expended / Total Funds","Interest Expended / Total Funds"
"Leverage Ratios","Leverage Ratios"
"Loans Turnover","Loans Turnover"
"Net Profit Margin","NPM"
"Balance Sheet Ratios","Balance Sheet Ratios"
"Net Interest Income / Total Funds","Net Interest Income / Total Funds"
"Profit And Loss Account Ratios","Profit And Loss Account Ratios"
"Cash Deposit Ratio","Cash Deposit Ratio"
"Total Income / Capital Employed(%)","Total Income / Capital Employed(%)"
"Interest Spread","Interest Spread"
"Profit Before Provisions / Total Funds","Profit Before Provisions / Total Funds"
"Operating Expense / Total Income","Operating Expense / Total Income"
"Credit Deposit Ratio","Credit Deposit Ratio"
"Return on Long Term Fund(%)","Ret on LT Fund(%)"
"Interest Expended / Interest Earned","Interest Expended / Interest Earned"
"Explore Axis Bank connections","Explore Axis Bank connections"
"Explore HDFC Bank connections","Explore HDFC Bank connections"
"Explore Bank of Baroda connections","Explore Bank of Baroda connections"
"Insurance Companies","LIC"
"Foreign Institutional Investors","FII"
"Financial Institutions / Banks","DII"
"Total shareholding of Promoter and Promoter Group (A)","Promoters"
"Mutual  Funds / UTI","MF"
"Total Public shareholding (B)","Public"
"Promoter Pledged","Pledge"
"Foreign Institutional Investors - DR","FII"
"Price","Price"
