<!DOCTYPE ui:UiBinder SYSTEM "http://dl.google.com/gwt/DTD/xhtml.ent">
<ui:UiBinder xmlns:ui="urn:ui:com.google.gwt.uibinder"
	xmlns:g="urn:import:com.google.gwt.user.client.ui" xmlns:c='urn:import:com.google.gwt.user.cellview.client'>

	<g:CaptionPanel ui:field="captionPanel">
		<g:VerticalPanel ui:field="vPanel" width="100%">
			<g:cell horizontalAlignment="right">
				<g:HorizontalPanel ui:field="toolbar">
					<g:Label ui:field="header" width="100px" height="12px" />
				</g:HorizontalPanel>
			</g:cell>
			<g:cell horizontalAlignment="left">
				<c:CellTable ui:field="cellTable" width="100%" />
			</g:cell>
			<g:Label height="4px" styleName="fins-Spacer-Label" />
		</g:VerticalPanel>
	</g:CaptionPanel>

</ui:UiBinder> 
