<?xml version="1.0" encoding="UTF-8"?>
<!DOCTYPE module PUBLIC "-//Google Inc.//DTD Google Web Toolkit 2.4.0//EN" "http://google-web-toolkit.googlecode.com/svn/tags/2.4.0/distro-source/core/src/gwt-module.dtd">
<module rename-to="fins">
	<inherits name="com.google.gwt.user.User" />
	<inherits name="com.google.gwt.user.theme.clean.Clean" />
	<inherits name="com.google.gwt.uibinder.UiBinder" />
	<inherits name="com.google.gwt.logging.Logging" />
	<inherits name="com.google.gwt.visualization.Visualization" />

	<source path="client" />
	<source path="shared" />
	
	<entry-point class="in.fins.client.Fins" />
	<stylesheet src="Fins.css" />

	<!-- Enable log -->
	<set-property name="gwt.logging.logLevel" value="FINE" />
	<set-property name="gwt.logging.enabled" value="TRUE" />
	<set-property name="gwt.logging.popupHandler" value="DISABLED" />

</module>
