<?xml version="1.0" encoding="UTF-8" ?>
<!DOCTYPE configuration
  PUBLIC "-//mybatis.org//DTD Config 3.0//EN"
  "http://mybatis.org/dtd/mybatis-3-config.dtd">
<configuration>
	<typeAliases>
		<typeAlias alias="Symbol" type="in.fins.shared.Symbol" />
		<typeAlias alias="DataGroup" type="in.fins.shared.DataGroup" />
		<typeAlias alias="Data" type="in.fins.shared.Data" />
	</typeAliases>
	<typeHandlers>
		<package name="in.rstore.dao.mybatis.BlobTypeHandler" />
	</typeHandlers>
	<environments default="development">
		<environment id="development">
			<transactionManager type="JDBC" />
			<dataSource type="POOLED">
				<property name="driver" value="org.hsqldb.jdbcDriver" />
				<property name="url" value="jdbc:hsqldb:hsql://localhost/finsdb" />
				<property name="username" value="sa" />
				<property name="password" value="" />
			</dataSource>
		</environment>
	</environments>

	<mappers>
		<mapper resource="in/fins/shared/Mapper.xml" />
	</mappers>
</configuration>
