<?xml version="1.0"?>
<!DOCTYPE hibernate-mapping PUBLIC
        "-//Hibernate/Hibernate Mapping DTD 3.0//EN"
        "http://www.hibernate.org/dtd/hibernate-mapping-3.0.dtd">


<hibernate-mapping package="in.fins.shared">

	<class name="DataGroup">
		<id name="id" column="id" />
		<property name="category" column="category" />
		<list name="dataList" cascade="all">
			<key column="DATAGROUP_ID" />
			<list-index column="DATALIST_INTEGER_IDX" />
			<one-to-many class="Data" />
		</list>
	</class>

</hibernate-mapping>