<?xml version="1.0" encoding="UTF-8" ?>
<!DOCTYPE mapper
  PUBLIC "-//mybatis.org//DTD Mapper 3.0//EN"
  "http://mybatis.org/dtd/mybatis-3-mapper.dtd">
<mapper namespace="mappers">

	<resultMap id="resultSymbol" type="Symbol">
		<id property="name" column="name" />
		<collection property="dataGroups" ofType="DataGroup"
			column="name" javaType="List" select="selectDataGroups" />
	</resultMap>

	<resultMap id="resultDataGroup" type="DataGroup">
		<collection property="dataList" ofType="Data" column="id"
			javaType="List" select="selectDataList" />
	</resultMap>

	<resultMap id="resultData" type="Data">
		<result property="facts" column="facts" javaType="List"
			typeHandler="in.rstore.dao.mybatis.BlobTypeHandler" />
	</resultMap>

	<select id="selectSymbol" parameterType="String" resultMap="resultSymbol">
		select * from Symbol where name = #{name}
	</select>

	<select id="selectSymbolNames" parameterType="int" resultType="String">
		select name from symbol
	</select>

	<select id="selectDataGroups" parameterType="String" resultMap="resultDataGroup">
		select * from datagroup where symbol_name = #{name}
	</select>

	<select id="selectDataList" parameterType="String" resultMap="resultData">
		select * from data where datagroup_id = #{id}
	</select>

</mapper>