<?xml version="1.0" encoding="utf-8" standalone="no"?>
<jdoconfig xmlns="http://java.sun.com/xml/ns/jdo/jdoconfig"
	xmlns:xsi="http://www.w3.org/2001/XMLSchema-instance"
	xsi:noNamespaceSchemaLocation="http://java.sun.com/xml/ns/jdo/jdoconfig">
	
	<!-- Datastore Txn PMF -->
	<persistence-manager-factory name="datastore">
		<property name="javax.jdo.PersistenceManagerFactoryClass"
			value="org.datanucleus.api.jdo.JDOPersistenceManagerFactory" />
		<property name="javax.jdo.option.ConnectionDriverName" value="org.hsqldb.jdbcDriver" />
		<property name="javax.jdo.option.ConnectionURL" value="jdbc:hsqldb:hsql://localhost/finsdb" />
		<property name="javax.jdo.option.ConnectionUserName" value="sa" />
		<property name="javax.jdo.option.ConnectionPassword" value="" />
		<property name="javax.jdo.option.Mapping" value="hsql" />

		<!-- <property name="datanucleus.autoCreateSchema" value="true" /> <property 
			name="datanucleus.metadata.validate" value="false" /> <property name="datanucleus.validateTables" 
			value="false" /> <property name="datanucleus.validateConstraints" value="false" 
			/> -->

		<property name="javax.jdo.option.NontransactionalRead" value="true" />
		<property name="javax.jdo.option.NontransactionalWrite"
			value="true" />
		<property name="javax.jdo.option.RetainValues" value="true" />
		<property name="datanucleus.appengine.autoCreateDatastoreTxns"
			value="true" />
		<property name="datanucleus.cache.level2.type" value="soft" />
		<property name="datanucleus.metadata.validate" value="false" />		
	</persistence-manager-factory>
	
</jdoconfig>
