<?xml version="1.0"?>
<!DOCTYPE hibernate-mapping PUBLIC
        "-//Hibernate/Hibernate Mapping DTD 3.0//EN"
        "http://www.hibernate.org/dtd/hibernate-mapping-3.0.dtd">


<hibernate-mapping package="in.fins.shared">

	<class name="Symbol" table="SYMBOL">
		<id name="name" column="name" />
		<list name="dataGroups" cascade="all">
			<key column="SYMBOL_NAME" />
			<list-index column="DATAGROUPS_INTEGER_IDX" />
			<one-to-many class="DataGroup" />
		</list>
	</class>

	<query name="selectSymbolNames"><![CDATA[
	      select name from Symbol 
	      ]]>
	</query>

</hibernate-mapping>