<?xml version="1.0" encoding="UTF-8"?>
<!--
    Ignite Spring configuration file to startup Ignite cache.
    Provided cache    will be created on node startup.    
    When starting Ignite from Java IDE, pass path to this file to Ignition:
    Ignition.start("examples/config/example-cache.xml");
-->
<beans xmlns="http://www.springframework.org/schema/beans"
    xmlns:xsi="http://www.w3.org/2001/XMLSchema-instance"
    xsi:schemaLocation="
        http://www.springframework.org/schema/beans
        http://www.springframework.org/schema/beans/spring-beans.xsd">
    <bean id="ignite.cfg"
        class="org.apache.ignite.configuration.IgniteConfiguration">

        <property name="cacheConfiguration">
            <list>
                <bean
                    class="org.apache.ignite.configuration.CacheConfiguration">
                    <property name="name" value="myCache" />
                    <property name="statisticsEnabled"
                        value="false" />
                    <property name="atomicityMode"
                        value="ATOMIC" />
                    <property name="backups" value="1" />
                </bean>
            </list>
        </property>

        <property name="discoverySpi">
            <bean
                class="org.apache.ignite.spi.discovery.tcp.TcpDiscoverySpi">
                <property name="ipFinder">
                    <bean
                        class="org.apache.ignite.spi.discovery.tcp.ipfinder.multicast.TcpDiscoveryMulticastIpFinder">
                        <property name="multicastGroup"
                            value="228.10.10.157" />
                    </bean>
                </property>
            </bean>
        </property>

    </bean>
</beans>        