<!DOCTYPE ui:UiBinder SYSTEM "http://dl.google.com/gwt/DTD/xhtml.ent">
<ui:UiBinder xmlns:ui="urn:ui:com.google.gwt.uibinder"
	xmlns:g="urn:import:com.google.gwt.user.client.ui" xmlns:f="urn:import:in.fins.client.widget">

	<g:LayoutPanel ui:field="layout">
		<g:layer left='60%' width='40%' top='1%' height='5%'>
			<g:SimplePanel>
				<f:AutoSuggest ui:field="autoSuggest" />
			</g:SimplePanel>
		</g:layer>
		<g:layer left='2%' width='50%' top='1%' height='5%'>
			<f:TitlePanel ui:field="titlePanel" />
		</g:layer>
		<g:layer left="2%" width="96%" top='6%' height='7%'>
			<f:FactPanel>
				<f:FactItem category="Quote" text="FV" match="FV" />
				<f:FactItem category="Quote" text="BV" match="BV" />
				<f:FactItem category="Quote" text="High/Low" match="52 Wk High,52 Wk Low" />
				<f:FactItem category="Quote" text="EPS" match="EPS" />
				<f:FactItem category="Quote" text="DIV" match="DIV (%)" />
				<f:FactItem category="Quote" text="DY" match="DY (%)" />
				<f:FactItem category="Quote" text="MC" match="Mk.Cap" />
				<f:FactItem category="Quote" text="Ind. PE" match="Ind. PE" />
			</f:FactPanel>
		</g:layer>
		<g:layer top='13%' height='100%'>
			<g:Grid ui:field="grid" width="100%">
				<g:row>
					<g:customCell>
						<g:Label>FactDisclosePanel Placeholder</g:Label>
					</g:customCell>
					<g:customCell>
						<g:Label>FactDisclosePanel Placeholder</g:Label>
					</g:customCell>
					<g:customCell>
						<g:Label>FactDisclosePanel Placeholder</g:Label>
					</g:customCell>
				</g:row>
				<g:row>
					<g:customCell>
						<g:Label>FactTable Placeholder</g:Label>
					</g:customCell>
					<g:customCell>
						<g:Label>FactTable Placeholder</g:Label>
					</g:customCell>
					<g:customCell>
						<g:Label>FactTable Placeholder</g:Label>
					</g:customCell>
				</g:row>
			</g:Grid>
		</g:layer>
	</g:LayoutPanel>
</ui:UiBinder> 