<!DOCTYPE ui:UiBinder SYSTEM "http://dl.google.com/gwt/DTD/xhtml.ent">
<ui:UiBinder xmlns:ui="urn:ui:com.google.gwt.uibinder"
	xmlns:g="urn:import:com.google.gwt.user.client.ui">
	<g:CaptionPanel captionText="Cache">
		<g:HorizontalPanel>
			<g:VerticalPanel>
				<g:FormPanel ui:field="cacheSymbolsForm" action="upload">
					<g:VerticalPanel>
						<g:Button text="Cache Symbols" ui:field="cacheSymbolsButton" />
						<g:Hidden name="action" value="cacheSymbols" />
					</g:VerticalPanel>
				</g:FormPanel>
			</g:VerticalPanel>
			<g:VerticalPanel>
				<g:FormPanel ui:field="clearForm" action="upload">
					<g:VerticalPanel>
						<g:Button text="Clear cache" ui:field="clearButton" />
						<g:Hidden name="action" value="clearCache" />
					</g:VerticalPanel>
				</g:FormPanel>
			</g:VerticalPanel>
		</g:HorizontalPanel>
	</g:CaptionPanel>
</ui:UiBinder> 