<!DOCTYPE ui:UiBinder SYSTEM "http://dl.google.com/gwt/DTD/xhtml.ent">
<ui:UiBinder xmlns:ui="urn:ui:com.google.gwt.uibinder"
	xmlns:g="urn:import:com.google.gwt.user.client.ui">
	<g:CaptionPanel captionText="Upload">
		<g:HorizontalPanel>
			<g:VerticalPanel>
				<g:FormPanel ui:field="uploadForm" action="upload">
					<g:Grid>
						<g:row>
							<g:customCell>
								<g:Label text="Zip file" />
							</g:customCell>
							<g:customCell>
								<g:FileUpload name="uploadFormElement" />
							</g:customCell>
							<g:customCell>
								<g:Button text="Upload" ui:field="uploadButton" />
							</g:customCell>
							<g:customCell>
								<g:Hidden name="action" value="uploadAndParse" />
							</g:customCell>
						</g:row>
					</g:Grid>
				</g:FormPanel>
			</g:VerticalPanel>
			<g:VerticalPanel>
				<g:FormPanel ui:field="clearListForm" action="upload">
					<g:Grid>
						<g:row>
							<g:customCell>
								<g:Button text="Clear Symbols" ui:field="clearListButton" />
							</g:customCell>
							<g:customCell>
								<g:Hidden name="action" value="clearList" />
							</g:customCell>
						</g:row>
					</g:Grid>
				</g:FormPanel>
			</g:VerticalPanel>
		</g:HorizontalPanel>
	</g:CaptionPanel>
</ui:UiBinder> 