<!DOCTYPE ui:UiBinder SYSTEM "http://dl.google.com/gwt/DTD/xhtml.ent">
<ui:UiBinder xmlns:ui="urn:ui:com.google.gwt.uibinder"
	xmlns:g="urn:import:com.google.gwt.user.client.ui" xmlns:f="urn:import:in.fins.client.widget">


	<g:DockLayoutPanel unit='PCT'>
		<g:north size='5'>
			<g:LayoutPanel>
				<g:layer left="90%" width="10%" top="25%" height="75%">
					<g:Label ui:field="logoLabel" text="Fins" styleName="fins-Logo-Label" />
				</g:layer>
			</g:LayoutPanel>
		</g:north>
		<g:south size='5'>
			<g:LayoutPanel>
				<g:layer left="2%" width="90%" top="0%" height="100%">
					<f:Status ui:field="status" />
				</g:layer>
			</g:LayoutPanel>
		</g:south>
		<g:center>
			<g:SplitLayoutPanel ui:field="split">
				<g:west size="150">
					<f:MenuBar ui:field="menuBar" />
				</g:west>
				<g:center>
					<f:ContentPanel ui:field="contentPanel" />
				</g:center>
			</g:SplitLayoutPanel>
		</g:center>
	</g:DockLayoutPanel>

</ui:UiBinder> 