<!DOCTYPE ui:UiBinder SYSTEM "http://dl.google.com/gwt/DTD/xhtml.ent">
<ui:UiBinder xmlns:ui="urn:ui:com.google.gwt.uibinder"
	xmlns:g="urn:import:com.google.gwt.user.client.ui" xmlns:f="urn:import:in.fins.client.widget">

	<g:LayoutPanel ui:field="layout">
		<g:layer left='60%' width='40%' top='1%' height='5%'>
			<g:SimplePanel>
				<f:AutoSuggest ui:field="autoSuggest" />
			</g:SimplePanel>
		</g:layer>
		<g:layer left='2%' width='50%' top='1%' height='5%'>
			<f:TitlePanel ui:field="titlePanel" />
		</g:layer>
		<g:layer left="2%" width="96%" top='6%' height='7%'>
			<f:FactPanel>
				<f:FactItem category="Quote" text="FV" match="FV" />
				<f:FactItem category="Quote" text="BV" match="BV" />
				<f:FactItem category="Quote" text="High/Low" match="52 Wk High,52 Wk Low" />
				<f:FactItem category="Quote" text="EPS" match="EPS" />
				<f:FactItem category="Quote" text="DIV" match="DIV (%)" />
				<f:FactItem category="Quote" text="DY" match="DY (%)" />
				<f:FactItem category="Quote" text="MC" match="Mk.Cap" />
				<f:FactItem category="Quote" text="Ind. PE" match="Ind. PE" />
			</f:FactPanel>
		</g:layer>
		<g:layer top='13%' height='100%'>
			<g:Grid ui:field="grid" width="100%">
				<g:row>
					<g:customCell>
						<f:FactDisclosePanel header="Price" caption="Price"
							category="Quote">
							<f:ChartPanel title="Price" key="Price" width="450px"
								height="220px" rangeSelector="false" />
						</f:FactDisclosePanel>
					</g:customCell>
					<g:customCell>
						<f:FactDisclosePanel header="PE" caption="PE"
							category="Quote">
							<f:ChartPanel title="PE" key="P/E" width="370px"
								height="220px" rangeSelector="false" />
						</f:FactDisclosePanel>
					</g:customCell>
					<g:customCell>
						<f:FactDisclosePanel header="PB" caption="PB"
							category="Quote">
							<f:ChartPanel title="PB" key="PB" width="300px"
								height="220px" rangeSelector="false" />
						</f:FactDisclosePanel>
					</g:customCell>
				</g:row>
				<g:row>
					<g:customCell>
						<f:FactTable captionText="BS" category="BS">
							<f:FactTable captionText="Holding" category="Shareholding">
								<f:ToolbarItem type="previous" category="Shareholding" />
								<f:ToolbarItem type="popup" category="Shareholding" />
								<f:ToolbarItem type="next" category="Shareholding" />
							</f:FactTable>
							<f:ToolbarItem type="previous" category="BS" />
							<f:ToolbarItem type="popup" category="BS" />
							<f:ToolbarItem type="next" category="BS" />
						</f:FactTable>
					</g:customCell>
					<g:customCell>
						<f:FactTable captionText="PL" category="PL">
							<f:FactTable captionText="Cash Flow" category="Cash Flow">
								<f:ToolbarItem type="previous" category="Cash Flow" />
								<f:ToolbarItem type="popup" category="Cash Flow" />
								<f:ToolbarItem type="next" category="Cash Flow" />
							</f:FactTable>
							<f:ToolbarItem type="previous" category="PL" />
							<f:ToolbarItem type="popup" category="PL" />
							<f:ToolbarItem type="next" category="PL" />
						</f:FactTable>
					</g:customCell>
					<g:customCell>
						<f:FactTable captionText="Q" category="Quarterly">
							<f:ToolbarItem type="previous" category="Quarterly" />
							<f:ToolbarItem type="popup" category="Quarterly" />
							<f:ToolbarItem type="next" category="Quarterly" />
						</f:FactTable>
					</g:customCell>
				</g:row>
			</g:Grid>
		</g:layer>
	</g:LayoutPanel>
</ui:UiBinder> 